accuracy,F1-score class_1,f1 score class_0,f1_score weighted_avg,f1_score macro_avg
0.7332288878734469,0.4757995553275184,0.821089805329364,0.7621777603685426,0.6484446803284412
