accuracy,F1-score class_1,f1 score class_0,f1_score weighted_avg,f1_score macro_avg
0.7624083382292143,0.4847340852248597,0.8456089249607623,0.7840378994723881,0.6651715050928111
